uid,"terminated date"
6797031,02/26/2015
6825902,02/27/2015
6833262,02/27/2015
6834522,02/27/2015
6833667,02/27/2015
6840772,02/27/2015
6827877,02/27/2015
6829287,02/27/2015
6841422,02/27/2015
6844707,02/27/2015
6838572,02/27/2015
6816377,02/27/2015
6834327,02/27/2015
6845637,02/27/2015
6852412,02/27/2015
6833387,02/27/2015
6852227,02/27/2015
6852482,02/27/2015
6829117,04/15/2015
6842037,02/27/2015
6665161,04/15/2015
6864307,04/15/2015
6864682,04/15/2015
6874682,04/15/2015
6877012,04/15/2015
6879307,04/15/2015
6875407,04/15/2015
6889432,04/15/2015
6372411,04/15/2015
5918156,04/6/2015
114086,05/4/2015
148246,05/26/2015
1942646,05/26/2015
282991,04/29/2015
1113416,04/9/2015
363146,05/26/2015
1060466,05/4/2015
1862561,03/13/2015
2386971,04/9/2015
1126581,05/28/2015
1381056,03/23/2015
1667496,03/26/2015
1756081,03/24/2015
2393776,04/20/2015
2376131,03/9/2015
2037796,05/7/2015
2511111,03/20/2015
2515556,04/9/2015
2851811,05/28/2015
826301,05/12/2015
1647241,04/9/2015
3842946,05/28/2015
3955386,03/19/2015
4035111,03/23/2015
4329311,05/18/2015
4370636,03/5/2015
4443446,04/20/2015
5234181,04/3/2015
6512196,02/24/2015
6079136,03/4/2015
6709566,03/25/2015
6786071,02/25/2015
6791466,04/23/2015
6793151,02/25/2015
6804101,04/23/2015
6845347,02/25/2015
6847172,04/23/2015
6855587,04/23/2015
6858782,04/23/2015
6863127,04/23/2015
6913217,04/23/2015
6915412,04/23/2015
6928617,04/23/2015
